,danceability,energy,key,loudness,mode,speechiness,acousticness,instrumentalness,liveness,valence,tempo,type,id,uri,track_href,analysis_url,duration_ms,time_signature
0,0.553,0.444,9,-7.667,1,0.123,0.07,0.00301,0.0762,0.344,127.414,audio_features,2cZ62VBKsdZ7u1kKKJdFOc,spotify:track:2cZ62VBKsdZ7u1kKKJdFOc,https://api.spotify.com/v1/tracks/2cZ62VBKsdZ7u1kKKJdFOc,https://api.spotify.com/v1/audio-analysis/2cZ62VBKsdZ7u1kKKJdFOc,187153,4
1,0.624,0.63,4,-4.48,0,0.127,0.116,0.0,0.286,0.713,134.989,audio_features,2krRK5mPFejIewRSmkTKpb,spotify:track:2krRK5mPFejIewRSmkTKpb,https://api.spotify.com/v1/tracks/2krRK5mPFejIewRSmkTKpb,https://api.spotify.com/v1/audio-analysis/2krRK5mPFejIewRSmkTKpb,192111,3
2,0.762,0.766,7,-3.955,1,0.0343,0.00776,6.98e-05,0.128,0.442,130.001,audio_features,5fwSHlTEWpluwOM0Sxnh5k,spotify:track:5fwSHlTEWpluwOM0Sxnh5k,https://api.spotify.com/v1/tracks/5fwSHlTEWpluwOM0Sxnh5k,https://api.spotify.com/v1/audio-analysis/5fwSHlTEWpluwOM0Sxnh5k,287120,4
3,0.871,0.845,1,-2.931,1,0.086,0.163,2.94e-06,0.0558,0.681,122.903,audio_features,1B7qwIcI3gbPS5Mm4CBLjD,spotify:track:1B7qwIcI3gbPS5Mm4CBLjD,https://api.spotify.com/v1/tracks/1B7qwIcI3gbPS5Mm4CBLjD,https://api.spotify.com/v1/audio-analysis/1B7qwIcI3gbPS5Mm4CBLjD,155454,4
4,0.845,0.795,9,-3.502,0,0.0681,0.343,1.78e-05,0.224,0.681,94.969,audio_features,2kz1YOhJiNubjigR1gB1VX,spotify:track:2kz1YOhJiNubjigR1gB1VX,https://api.spotify.com/v1/tracks/2kz1YOhJiNubjigR1gB1VX,https://api.spotify.com/v1/audio-analysis/2kz1YOhJiNubjigR1gB1VX,197053,4
5,0.833,0.809,5,-2.751,0,0.0381,0.0836,0.0,0.112,0.905,128.055,audio_features,6Es8Sk3xe1HiJ2MXCfHHwR,spotify:track:6Es8Sk3xe1HiJ2MXCfHHwR,https://api.spotify.com/v1/tracks/6Es8Sk3xe1HiJ2MXCfHHwR,https://api.spotify.com/v1/audio-analysis/6Es8Sk3xe1HiJ2MXCfHHwR,140625,4
6,0.882,0.934,8,-1.479,0,0.0501,0.292,0.0024,0.0549,0.611,130.032,audio_features,35FW5OEe4p38LdjK1KqT2X,spotify:track:35FW5OEe4p38LdjK1KqT2X,https://api.spotify.com/v1/tracks/35FW5OEe4p38LdjK1KqT2X,https://api.spotify.com/v1/audio-analysis/35FW5OEe4p38LdjK1KqT2X,171761,4
7,0.778,0.772,8,-3.079,0,0.0556,0.0929,0.000552,0.0883,0.661,123.982,audio_features,51FvjPEGKq2zByeeEQ43V9,spotify:track:51FvjPEGKq2zByeeEQ43V9,https://api.spotify.com/v1/tracks/51FvjPEGKq2zByeeEQ43V9,https://api.spotify.com/v1/audio-analysis/51FvjPEGKq2zByeeEQ43V9,189669,4
8,0.822,0.711,6,-4.943,1,0.0668,0.179,1.46e-05,0.083,0.934,102.984,audio_features,3cDyocF0Ibdfs1SFQk5cLZ,spotify:track:3cDyocF0Ibdfs1SFQk5cLZ,https://api.spotify.com/v1/tracks/3cDyocF0Ibdfs1SFQk5cLZ,https://api.spotify.com/v1/audio-analysis/3cDyocF0Ibdfs1SFQk5cLZ,199947,4
9,0.795,0.762,5,-5.482,0,0.111,0.0643,0.00461,0.261,0.638,125.044,audio_features,6sMPFkWOGqEGBqnHEZ2jfy,spotify:track:6sMPFkWOGqEGBqnHEZ2jfy,https://api.spotify.com/v1/tracks/6sMPFkWOGqEGBqnHEZ2jfy,https://api.spotify.com/v1/audio-analysis/6sMPFkWOGqEGBqnHEZ2jfy,143327,4
10,0.752,0.83,8,-3.187,0,0.0458,0.0651,0.0,0.105,0.442,124.952,audio_features,70xKqgJOnicN4OsIB6hOXU,spotify:track:70xKqgJOnicN4OsIB6hOXU,https://api.spotify.com/v1/tracks/70xKqgJOnicN4OsIB6hOXU,https://api.spotify.com/v1/audio-analysis/70xKqgJOnicN4OsIB6hOXU,184820,4
11,0.785,0.662,4,-4.271,0,0.0499,0.228,0.0,0.143,0.964,74.962,audio_features,5wjsJIUf6pdrwauPDae43o,spotify:track:5wjsJIUf6pdrwauPDae43o,https://api.spotify.com/v1/tracks/5wjsJIUf6pdrwauPDae43o,https://api.spotify.com/v1/audio-analysis/5wjsJIUf6pdrwauPDae43o,170297,4
12,0.835,0.679,7,-5.329,0,0.0364,0.583,1.98e-06,0.218,0.85,124.98,audio_features,5ww2BF9slyYgNOk37BlC4u,spotify:track:5ww2BF9slyYgNOk37BlC4u,https://api.spotify.com/v1/tracks/5ww2BF9slyYgNOk37BlC4u,https://api.spotify.com/v1/audio-analysis/5ww2BF9slyYgNOk37BlC4u,162638,4
13,0.768,0.644,5,-6.671,0,0.136,0.736,0.000837,0.173,0.53,95.05,audio_features,609E1JCInJncactoMmkDon,spotify:track:609E1JCInJncactoMmkDon,https://api.spotify.com/v1/tracks/609E1JCInJncactoMmkDon,https://api.spotify.com/v1/audio-analysis/609E1JCInJncactoMmkDon,194543,4
14,0.777,0.755,1,-4.078,1,0.0711,0.3,0.0,0.0855,0.567,117.989,audio_features,3xBvu2UF8431mbmwsSWkRq,spotify:track:3xBvu2UF8431mbmwsSWkRq,https://api.spotify.com/v1/tracks/3xBvu2UF8431mbmwsSWkRq,https://api.spotify.com/v1/audio-analysis/3xBvu2UF8431mbmwsSWkRq,171841,4
15,0.717,0.868,0,-3.267,0,0.153,0.118,0.0,0.0614,0.61,98.989,audio_features,7Kzn6nzJQiUEj79IgxeD7F,spotify:track:7Kzn6nzJQiUEj79IgxeD7F,https://api.spotify.com/v1/tracks/7Kzn6nzJQiUEj79IgxeD7F,https://api.spotify.com/v1/audio-analysis/7Kzn6nzJQiUEj79IgxeD7F,164880,4
16,0.873,0.695,0,-4.207,0,0.0459,0.419,1.23e-06,0.211,0.823,131.963,audio_features,6G12ZafqofSq7YtrMqUm76,spotify:track:6G12ZafqofSq7YtrMqUm76,https://api.spotify.com/v1/tracks/6G12ZafqofSq7YtrMqUm76,https://api.spotify.com/v1/audio-analysis/6G12ZafqofSq7YtrMqUm76,158805,4
17,0.881,0.788,7,-4.023,0,0.1,0.0515,7.44e-05,0.141,0.566,127.034,audio_features,3bRWGhpeNUkJfFydelSwBk,spotify:track:3bRWGhpeNUkJfFydelSwBk,https://api.spotify.com/v1/tracks/3bRWGhpeNUkJfFydelSwBk,https://api.spotify.com/v1/audio-analysis/3bRWGhpeNUkJfFydelSwBk,151654,4
18,0.63,0.781,1,-3.951,1,0.0399,0.0175,0.0,0.322,0.45,102.908,audio_features,60WnyQpJMxndoCwfo3TbuE,spotify:track:60WnyQpJMxndoCwfo3TbuE,https://api.spotify.com/v1/tracks/60WnyQpJMxndoCwfo3TbuE,https://api.spotify.com/v1/audio-analysis/60WnyQpJMxndoCwfo3TbuE,214801,4
19,0.713,0.651,7,-5.268,0,0.0781,0.0741,0.000775,0.0668,0.512,180.043,audio_features,2iVgM5C7m1G4CJGbms301G,spotify:track:2iVgM5C7m1G4CJGbms301G,https://api.spotify.com/v1/tracks/2iVgM5C7m1G4CJGbms301G,https://api.spotify.com/v1/audio-analysis/2iVgM5C7m1G4CJGbms301G,173548,4
20,0.718,0.526,4,-5.377,0,0.114,0.69,0.00104,0.209,0.575,165.023,audio_features,1HII0EIufOG0nGpWCQixbO,spotify:track:1HII0EIufOG0nGpWCQixbO,https://api.spotify.com/v1/tracks/1HII0EIufOG0nGpWCQixbO,https://api.spotify.com/v1/audio-analysis/1HII0EIufOG0nGpWCQixbO,154552,4
21,0.87,0.516,1,-8.006,1,0.0541,0.656,0.00823,0.11,0.53,111.005,audio_features,7dSZ6zGTQx66c2GF91xCrb,spotify:track:7dSZ6zGTQx66c2GF91xCrb,https://api.spotify.com/v1/tracks/7dSZ6zGTQx66c2GF91xCrb,https://api.spotify.com/v1/audio-analysis/7dSZ6zGTQx66c2GF91xCrb,210200,4
22,0.647,0.686,3,-5.745,0,0.0413,0.08,1.34e-06,0.528,0.268,79.928,audio_features,3k3NWokhRRkEPhCzPmV8TW,spotify:track:3k3NWokhRRkEPhCzPmV8TW,https://api.spotify.com/v1/tracks/3k3NWokhRRkEPhCzPmV8TW,https://api.spotify.com/v1/audio-analysis/3k3NWokhRRkEPhCzPmV8TW,258299,4
23,0.773,0.892,1,-3.732,0,0.0483,0.166,3.1e-06,0.429,0.842,130.007,audio_features,2SOvWt6igzXViIjIiWNWEP,spotify:track:2SOvWt6igzXViIjIiWNWEP,https://api.spotify.com/v1/tracks/2SOvWt6igzXViIjIiWNWEP,https://api.spotify.com/v1/audio-analysis/2SOvWt6igzXViIjIiWNWEP,222462,4
24,0.87,0.548,10,-5.253,0,0.077,0.0924,4.6e-05,0.0534,0.832,96.018,audio_features,0lREs0EdgrMQQKw00yx0Ct,spotify:track:0lREs0EdgrMQQKw00yx0Ct,https://api.spotify.com/v1/tracks/0lREs0EdgrMQQKw00yx0Ct,https://api.spotify.com/v1/audio-analysis/0lREs0EdgrMQQKw00yx0Ct,153750,4
25,0.453,0.673,8,-5.649,1,0.144,0.32,0.0,0.131,0.266,92.06,audio_features,1UdzJEpgJxtuXAlCOvD4S0,spotify:track:1UdzJEpgJxtuXAlCOvD4S0,https://api.spotify.com/v1/tracks/1UdzJEpgJxtuXAlCOvD4S0,https://api.spotify.com/v1/audio-analysis/1UdzJEpgJxtuXAlCOvD4S0,159849,4
26,0.843,0.7,4,-3.563,0,0.0803,0.0934,0.0,0.14,0.899,93.991,audio_features,1ri9ZUkBJVFUdgwzCnfcYs,spotify:track:1ri9ZUkBJVFUdgwzCnfcYs,https://api.spotify.com/v1/tracks/1ri9ZUkBJVFUdgwzCnfcYs,https://api.spotify.com/v1/audio-analysis/1ri9ZUkBJVFUdgwzCnfcYs,226088,4
27,0.564,0.903,5,-3.221,1,0.307,0.356,0.0,0.175,0.607,78.293,audio_features,1dm6z1fWB0cErMszU25dy2,spotify:track:1dm6z1fWB0cErMszU25dy2,https://api.spotify.com/v1/tracks/1dm6z1fWB0cErMszU25dy2,https://api.spotify.com/v1/audio-analysis/1dm6z1fWB0cErMszU25dy2,230400,4
28,0.702,0.544,7,-7.291,1,0.359,0.0879,0.0,0.0993,0.379,171.984,audio_features,55evGx4KyTqIdcymLDIZVs,spotify:track:55evGx4KyTqIdcymLDIZVs,https://api.spotify.com/v1/tracks/55evGx4KyTqIdcymLDIZVs,https://api.spotify.com/v1/audio-analysis/55evGx4KyTqIdcymLDIZVs,156607,4
29,0.695,0.636,5,-4.654,1,0.317,0.234,0.0,0.081,0.575,174.14,audio_features,2rurDawMfoKP4uHyb2kJBt,spotify:track:2rurDawMfoKP4uHyb2kJBt,https://api.spotify.com/v1/tracks/2rurDawMfoKP4uHyb2kJBt,https://api.spotify.com/v1/audio-analysis/2rurDawMfoKP4uHyb2kJBt,172235,4
30,0.869,0.694,1,-3.35,0,0.0783,0.356,0.00125,0.0878,0.511,90.02,audio_features,6ZOcbKub95XSDESsKKuH41,spotify:track:6ZOcbKub95XSDESsKKuH41,https://api.spotify.com/v1/tracks/6ZOcbKub95XSDESsKKuH41,https://api.spotify.com/v1/audio-analysis/6ZOcbKub95XSDESsKKuH41,224997,4
31,0.812,0.736,4,-5.421,0,0.0833,0.152,0.00254,0.0914,0.396,91.993,audio_features,3IAfUEeaXRX9s9UdKOJrFI,spotify:track:3IAfUEeaXRX9s9UdKOJrFI,https://api.spotify.com/v1/tracks/3IAfUEeaXRX9s9UdKOJrFI,https://api.spotify.com/v1/audio-analysis/3IAfUEeaXRX9s9UdKOJrFI,193806,4
32,0.911,0.712,1,-5.105,0,0.0817,0.0901,2.68e-05,0.0933,0.425,92.005,audio_features,6Sq7ltF9Qa7SNFBsV5Cogx,spotify:track:6Sq7ltF9Qa7SNFBsV5Cogx,https://api.spotify.com/v1/tracks/6Sq7ltF9Qa7SNFBsV5Cogx,https://api.spotify.com/v1/audio-analysis/6Sq7ltF9Qa7SNFBsV5Cogx,178567,4
33,0.761,0.784,4,-4.977,1,0.133,0.15,0.0,0.125,0.691,114.93,audio_features,0Yc0ziTsyjahYqlWXVXlTU,spotify:track:0Yc0ziTsyjahYqlWXVXlTU,https://api.spotify.com/v1/tracks/0Yc0ziTsyjahYqlWXVXlTU,https://api.spotify.com/v1/audio-analysis/0Yc0ziTsyjahYqlWXVXlTU,161880,4
34,0.527,0.91,0,-2.659,1,0.122,0.25,0.0,0.0857,0.329,95.943,audio_features,4F4bzCA8RWoyKQDfeFGolM,spotify:track:4F4bzCA8RWoyKQDfeFGolM,https://api.spotify.com/v1/tracks/4F4bzCA8RWoyKQDfeFGolM,https://api.spotify.com/v1/audio-analysis/4F4bzCA8RWoyKQDfeFGolM,258542,4
35,0.596,0.868,8,-4.95,1,0.161,0.12,0.518,0.0514,0.705,118.02,audio_features,0NewxJTiqOlMVKaaTgLlMY,spotify:track:0NewxJTiqOlMVKaaTgLlMY,https://api.spotify.com/v1/tracks/0NewxJTiqOlMVKaaTgLlMY,https://api.spotify.com/v1/audio-analysis/0NewxJTiqOlMVKaaTgLlMY,173390,4
36,0.801,0.633,11,-2.785,0,0.0777,0.414,0.0,0.27,0.676,92.025,audio_features,7kYbxvrGXv8cmKjkqgqhrw,spotify:track:7kYbxvrGXv8cmKjkqgqhrw,https://api.spotify.com/v1/tracks/7kYbxvrGXv8cmKjkqgqhrw,https://api.spotify.com/v1/audio-analysis/7kYbxvrGXv8cmKjkqgqhrw,167674,4
37,0.673,0.56,1,-5.191,1,0.182,0.677,0.0,0.293,0.656,93.978,audio_features,0hzC5kZ6qKZJ9ybyW75VV8,spotify:track:0hzC5kZ6qKZJ9ybyW75VV8,https://api.spotify.com/v1/tracks/0hzC5kZ6qKZJ9ybyW75VV8,https://api.spotify.com/v1/audio-analysis/0hzC5kZ6qKZJ9ybyW75VV8,223564,4
38,0.802,0.846,1,-4.495,1,0.207,0.233,1.92e-05,0.114,0.26,109.982,audio_features,0OTNHGKcqQbk51bOYe462Y,spotify:track:0OTNHGKcqQbk51bOYe462Y,https://api.spotify.com/v1/tracks/0OTNHGKcqQbk51bOYe462Y,https://api.spotify.com/v1/audio-analysis/0OTNHGKcqQbk51bOYe462Y,227221,4
39,0.685,0.909,3,-4.034,0,0.0396,0.0471,0.0,0.35,0.922,95.004,audio_features,3XjN0mvFkQp1FMVM9Ro5hm,spotify:track:3XjN0mvFkQp1FMVM9Ro5hm,https://api.spotify.com/v1/tracks/3XjN0mvFkQp1FMVM9Ro5hm,https://api.spotify.com/v1/audio-analysis/3XjN0mvFkQp1FMVM9Ro5hm,248769,4
40,0.796,0.68,10,-5.555,0,0.37,0.0575,0.000683,0.103,0.71,179.923,audio_features,6y8z28epOv5FlaxDv1Lo5B,spotify:track:6y8z28epOv5FlaxDv1Lo5B,https://api.spotify.com/v1/tracks/6y8z28epOv5FlaxDv1Lo5B,https://api.spotify.com/v1/audio-analysis/6y8z28epOv5FlaxDv1Lo5B,176143,4
41,0.817,0.932,11,-4.232,0,0.0467,0.0938,0.0284,0.0792,0.396,126.008,audio_features,5xhFO6kaUjGcSezSp5hIhG,spotify:track:5xhFO6kaUjGcSezSp5hIhG,https://api.spotify.com/v1/tracks/5xhFO6kaUjGcSezSp5hIhG,https://api.spotify.com/v1/audio-analysis/5xhFO6kaUjGcSezSp5hIhG,259334,4
42,0.849,0.701,6,-4.407,0,0.06,0.407,0.0,0.112,0.505,98.005,audio_features,7Bk0uXKk1uPT0XuQbpFzvs,spotify:track:7Bk0uXKk1uPT0XuQbpFzvs,https://api.spotify.com/v1/tracks/7Bk0uXKk1uPT0XuQbpFzvs,https://api.spotify.com/v1/audio-analysis/7Bk0uXKk1uPT0XuQbpFzvs,261667,4
43,0.889,0.641,7,-4.494,1,0.0668,0.0515,2.75e-05,0.19,0.588,87.99,audio_features,0bBd6K5X4W7t9GyXcaVOA7,spotify:track:0bBd6K5X4W7t9GyXcaVOA7,https://api.spotify.com/v1/tracks/0bBd6K5X4W7t9GyXcaVOA7,https://api.spotify.com/v1/audio-analysis/0bBd6K5X4W7t9GyXcaVOA7,159387,4
44,0.683,0.714,1,-4.898,1,0.252,0.181,1e-06,0.111,0.448,173.963,audio_features,30W8VKHrAZmHzObnwAoc1u,spotify:track:30W8VKHrAZmHzObnwAoc1u,https://api.spotify.com/v1/tracks/30W8VKHrAZmHzObnwAoc1u,https://api.spotify.com/v1/audio-analysis/30W8VKHrAZmHzObnwAoc1u,174483,4
45,0.653,0.524,11,-9.016,0,0.0502,0.112,0.0,0.203,0.553,83.97,audio_features,6tDDoYIxWvMLTdKpjFkc1B,spotify:track:6tDDoYIxWvMLTdKpjFkc1B,https://api.spotify.com/v1/tracks/6tDDoYIxWvMLTdKpjFkc1B,https://api.spotify.com/v1/audio-analysis/6tDDoYIxWvMLTdKpjFkc1B,160191,4
46,0.713,0.617,8,-4.637,1,0.0887,0.122,0.0,0.0962,0.682,168.021,audio_features,1xK1Gg9SxG8fy2Ya373oqb,spotify:track:1xK1Gg9SxG8fy2Ya373oqb,https://api.spotify.com/v1/tracks/1xK1Gg9SxG8fy2Ya373oqb,https://api.spotify.com/v1/audio-analysis/1xK1Gg9SxG8fy2Ya373oqb,232853,4
47,0.83,0.517,6,-6.416,0,0.333,0.399,8.95e-05,0.0916,0.616,171.959,audio_features,2dNhNlpZAtV4lwAFW45LIv,spotify:track:2dNhNlpZAtV4lwAFW45LIv,https://api.spotify.com/v1/tracks/2dNhNlpZAtV4lwAFW45LIv,https://api.spotify.com/v1/audio-analysis/2dNhNlpZAtV4lwAFW45LIv,182496,4
48,0.715,0.622,4,-5.102,0,0.046,0.163,0.0,0.0948,0.808,80.015,audio_features,2rCbl9naJYhaxjLsfx88uM,spotify:track:2rCbl9naJYhaxjLsfx88uM,https://api.spotify.com/v1/tracks/2rCbl9naJYhaxjLsfx88uM,https://api.spotify.com/v1/audio-analysis/2rCbl9naJYhaxjLsfx88uM,195053,4
49,0.731,0.573,4,-10.059,0,0.0544,0.401,5.22e-05,0.113,0.145,109.928,audio_features,4MzXwWMhyBbmu6hOcLVD49,spotify:track:4MzXwWMhyBbmu6hOcLVD49,https://api.spotify.com/v1/tracks/4MzXwWMhyBbmu6hOcLVD49,https://api.spotify.com/v1/audio-analysis/4MzXwWMhyBbmu6hOcLVD49,205090,4
50,0.856,0.618,7,-4.892,1,0.286,0.0303,0.0,0.0866,0.391,81.993,audio_features,2XIc1pqjXV3Cr2BQUGNBck,spotify:track:2XIc1pqjXV3Cr2BQUGNBck,https://api.spotify.com/v1/tracks/2XIc1pqjXV3Cr2BQUGNBck,https://api.spotify.com/v1/audio-analysis/2XIc1pqjXV3Cr2BQUGNBck,203201,4
51,0.812,0.747,4,-4.611,0,0.15,0.31,0.00412,0.1,0.488,168.025,audio_features,0XinBYhf1X3kdvKQHOX971,spotify:track:0XinBYhf1X3kdvKQHOX971,https://api.spotify.com/v1/tracks/0XinBYhf1X3kdvKQHOX971,https://api.spotify.com/v1/audio-analysis/0XinBYhf1X3kdvKQHOX971,198500,4
52,0.863,0.666,1,-4.158,0,0.152,0.212,0.000493,0.103,0.838,163.908,audio_features,7vrJn5hDSXRmdXoR30KgF1,spotify:track:7vrJn5hDSXRmdXoR30KgF1,https://api.spotify.com/v1/tracks/7vrJn5hDSXRmdXoR30KgF1,https://api.spotify.com/v1/audio-analysis/7vrJn5hDSXRmdXoR30KgF1,178947,4
53,0.736,0.632,11,-4.939,0,0.0648,0.18,0.0,0.349,0.503,92.03,audio_features,7ndTONDDRFGiPnnhOzOXxq,spotify:track:7ndTONDDRFGiPnnhOzOXxq,https://api.spotify.com/v1/tracks/7ndTONDDRFGiPnnhOzOXxq,https://api.spotify.com/v1/audio-analysis/7ndTONDDRFGiPnnhOzOXxq,216107,4
54,0.688,0.881,7,-4.889,0,0.0474,0.0947,0.0,0.0804,0.677,123.013,audio_features,5fROvzNghPid8mbKNDYvpJ,spotify:track:5fROvzNghPid8mbKNDYvpJ,https://api.spotify.com/v1/tracks/5fROvzNghPid8mbKNDYvpJ,https://api.spotify.com/v1/audio-analysis/5fROvzNghPid8mbKNDYvpJ,191526,4
55,0.811,0.637,10,-4.835,0,0.0591,0.234,0.000572,0.118,0.471,92.025,audio_features,5RubKOuDoPn5Kj5TLVxSxY,spotify:track:5RubKOuDoPn5Kj5TLVxSxY,https://api.spotify.com/v1/tracks/5RubKOuDoPn5Kj5TLVxSxY,https://api.spotify.com/v1/audio-analysis/5RubKOuDoPn5Kj5TLVxSxY,130014,4
56,0.753,0.204,1,-14.341,0,0.0851,0.665,0.0,0.0991,0.299,98.031,audio_features,7JBaSB0vSjTUSoWFgkmDiV,spotify:track:7JBaSB0vSjTUSoWFgkmDiV,https://api.spotify.com/v1/tracks/7JBaSB0vSjTUSoWFgkmDiV,https://api.spotify.com/v1/audio-analysis/7JBaSB0vSjTUSoWFgkmDiV,223010,4
57,0.725,0.756,4,-5.013,1,0.0572,0.362,0.000685,0.103,0.828,100.07,audio_features,3VvA1wSxukMLsvXoXtlwWx,spotify:track:3VvA1wSxukMLsvXoXtlwWx,https://api.spotify.com/v1/tracks/3VvA1wSxukMLsvXoXtlwWx,https://api.spotify.com/v1/audio-analysis/3VvA1wSxukMLsvXoXtlwWx,186133,4
58,0.574,0.891,0,-3.665,0,0.157,0.0847,0.0,0.16,0.707,100.978,audio_features,21N4Buj4xsyLb218lYle61,spotify:track:21N4Buj4xsyLb218lYle61,https://api.spotify.com/v1/tracks/21N4Buj4xsyLb218lYle61,https://api.spotify.com/v1/audio-analysis/21N4Buj4xsyLb218lYle61,183240,4
59,0.744,0.771,10,-5.403,1,0.0531,0.394,0.0,0.292,0.954,121.968,audio_features,7ql2RUmAmj36tkMUNWo7MT,spotify:track:7ql2RUmAmj36tkMUNWo7MT,https://api.spotify.com/v1/tracks/7ql2RUmAmj36tkMUNWo7MT,https://api.spotify.com/v1/audio-analysis/7ql2RUmAmj36tkMUNWo7MT,167313,4
60,0.771,0.735,1,-3.388,1,0.114,0.103,6.19e-05,0.0503,0.72,96.253,audio_features,5u5S7D8NaQzyKkdU4duHJR,spotify:track:5u5S7D8NaQzyKkdU4duHJR,https://api.spotify.com/v1/tracks/5u5S7D8NaQzyKkdU4duHJR,https://api.spotify.com/v1/audio-analysis/5u5S7D8NaQzyKkdU4duHJR,144613,4
61,0.665,0.697,9,-4.819,0,0.154,0.427,1.39e-05,0.599,0.556,94.053,audio_features,5zj8WNkBrEzlI5FKeYV4ol,spotify:track:5zj8WNkBrEzlI5FKeYV4ol,https://api.spotify.com/v1/tracks/5zj8WNkBrEzlI5FKeYV4ol,https://api.spotify.com/v1/audio-analysis/5zj8WNkBrEzlI5FKeYV4ol,216747,4
62,0.49,0.694,5,-5.793,0,0.0618,0.0133,4.62e-05,0.0946,0.249,170.903,audio_features,7MXgrcOQAJ5VwSNUL0lDd3,spotify:track:7MXgrcOQAJ5VwSNUL0lDd3,https://api.spotify.com/v1/tracks/7MXgrcOQAJ5VwSNUL0lDd3,https://api.spotify.com/v1/audio-analysis/7MXgrcOQAJ5VwSNUL0lDd3,216123,4
63,0.823,0.821,8,-3.402,0,0.166,0.31,4.28e-06,0.143,0.791,99.999,audio_features,2bgcUk2A3jjKbCJ7KPquTi,spotify:track:2bgcUk2A3jjKbCJ7KPquTi,https://api.spotify.com/v1/tracks/2bgcUk2A3jjKbCJ7KPquTi,https://api.spotify.com/v1/audio-analysis/2bgcUk2A3jjKbCJ7KPquTi,213314,4
64,0.734,0.775,8,-3.855,1,0.0614,0.186,0.000542,0.123,0.72,166.039,audio_features,0JAZWvvqttGFm4UMDsPQXC,spotify:track:0JAZWvvqttGFm4UMDsPQXC,https://api.spotify.com/v1/tracks/0JAZWvvqttGFm4UMDsPQXC,https://api.spotify.com/v1/audio-analysis/0JAZWvvqttGFm4UMDsPQXC,224187,4
65,0.793,0.771,5,-3.417,1,0.0959,0.0337,1.51e-06,0.284,0.835,171.943,audio_features,35UUpTmrcFXNIVIN26ujXl,spotify:track:35UUpTmrcFXNIVIN26ujXl,https://api.spotify.com/v1/tracks/35UUpTmrcFXNIVIN26ujXl,https://api.spotify.com/v1/audio-analysis/35UUpTmrcFXNIVIN26ujXl,247308,4
66,0.787,0.728,6,-3.455,0,0.389,0.189,2.29e-05,0.0629,0.545,180.066,audio_features,4uoR6qeWeuL4Qeu2qJzkuG,spotify:track:4uoR6qeWeuL4Qeu2qJzkuG,https://api.spotify.com/v1/tracks/4uoR6qeWeuL4Qeu2qJzkuG,https://api.spotify.com/v1/audio-analysis/4uoR6qeWeuL4Qeu2qJzkuG,200198,4
67,0.843,0.549,6,-8.018,0,0.164,0.0948,0.0,0.155,0.541,83.982,audio_features,3iQOfefMGDVDwo8dZoco8T,spotify:track:3iQOfefMGDVDwo8dZoco8T,https://api.spotify.com/v1/tracks/3iQOfefMGDVDwo8dZoco8T,https://api.spotify.com/v1/audio-analysis/3iQOfefMGDVDwo8dZoco8T,233000,4
68,0.908,0.529,6,-7.032,1,0.135,0.157,0.000142,0.0634,0.743,105.021,audio_features,6nGM44ZP7vSo0istUW2MOq,spotify:track:6nGM44ZP7vSo0istUW2MOq,https://api.spotify.com/v1/tracks/6nGM44ZP7vSo0istUW2MOq,https://api.spotify.com/v1/audio-analysis/6nGM44ZP7vSo0istUW2MOq,248500,4
69,0.86,0.758,11,-5.16,1,0.0695,0.021,6.54e-05,0.344,0.453,97.014,audio_features,0SqqAgdovOE24BzxIClpjw,spotify:track:0SqqAgdovOE24BzxIClpjw,https://api.spotify.com/v1/tracks/0SqqAgdovOE24BzxIClpjw,https://api.spotify.com/v1/audio-analysis/0SqqAgdovOE24BzxIClpjw,172127,4
70,0.903,0.675,11,-3.445,0,0.214,0.542,1.28e-05,0.0595,0.442,96.507,audio_features,3V8UKqhEK5zBkBb6d6ub8i,spotify:track:3V8UKqhEK5zBkBb6d6ub8i,https://api.spotify.com/v1/tracks/3V8UKqhEK5zBkBb6d6ub8i,https://api.spotify.com/v1/audio-analysis/3V8UKqhEK5zBkBb6d6ub8i,417920,4
71,0.83,0.837,11,-4.789,0,0.141,0.0784,5.87e-05,0.0824,0.744,115.976,audio_features,2vI4SxtYqAQD5h1nSrqfKM,spotify:track:2vI4SxtYqAQD5h1nSrqfKM,https://api.spotify.com/v1/tracks/2vI4SxtYqAQD5h1nSrqfKM,https://api.spotify.com/v1/audio-analysis/2vI4SxtYqAQD5h1nSrqfKM,200690,4
72,0.889,0.863,11,-3.011,1,0.0757,0.289,0.000603,0.0798,0.776,112.953,audio_features,0eeKDrQxjqNl5bX5VCHDcn,spotify:track:0eeKDrQxjqNl5bX5VCHDcn,https://api.spotify.com/v1/tracks/0eeKDrQxjqNl5bX5VCHDcn,https://api.spotify.com/v1/audio-analysis/0eeKDrQxjqNl5bX5VCHDcn,201000,4
73,0.894,0.635,2,-6.929,1,0.0473,0.193,0.00105,0.0823,0.428,105.013,audio_features,14wf185UxfNbSy8dwt4r4q,spotify:track:14wf185UxfNbSy8dwt4r4q,https://api.spotify.com/v1/tracks/14wf185UxfNbSy8dwt4r4q,https://api.spotify.com/v1/audio-analysis/14wf185UxfNbSy8dwt4r4q,249143,4
74,0.792,0.676,1,-12.813,1,0.0546,0.172,1.93e-05,0.0654,0.712,117.011,audio_features,6YYmoV9YbBefsspGmqFHbs,spotify:track:6YYmoV9YbBefsspGmqFHbs,https://api.spotify.com/v1/tracks/6YYmoV9YbBefsspGmqFHbs,https://api.spotify.com/v1/audio-analysis/6YYmoV9YbBefsspGmqFHbs,188894,4
75,0.842,0.576,1,-6.788,1,0.0669,0.00949,0.0,0.133,0.224,135.066,audio_features,64DbSkUEqYO0Tjgx1ExZfV,spotify:track:64DbSkUEqYO0Tjgx1ExZfV,https://api.spotify.com/v1/tracks/64DbSkUEqYO0Tjgx1ExZfV,https://api.spotify.com/v1/audio-analysis/64DbSkUEqYO0Tjgx1ExZfV,157333,4
76,0.772,0.83,7,-5.019,1,0.0599,0.016,0.0,0.0843,0.697,94.011,audio_features,5XqCz18k96K8tx6DAYM97i,spotify:track:5XqCz18k96K8tx6DAYM97i,https://api.spotify.com/v1/tracks/5XqCz18k96K8tx6DAYM97i,https://api.spotify.com/v1/audio-analysis/5XqCz18k96K8tx6DAYM97i,194200,4
77,0.755,0.617,9,-5.144,1,0.182,0.0217,0.0,0.0625,0.745,193.896,audio_features,7na7Bk98usp84FaOJFPv3d,spotify:track:7na7Bk98usp84FaOJFPv3d,https://api.spotify.com/v1/tracks/7na7Bk98usp84FaOJFPv3d,https://api.spotify.com/v1/audio-analysis/7na7Bk98usp84FaOJFPv3d,202887,4
78,0.803,0.715,2,-3.28,1,0.298,0.295,0.000134,0.0574,0.574,101.085,audio_features,7k4t7uLgtOxPwTpFmtJNTY,spotify:track:7k4t7uLgtOxPwTpFmtJNTY,https://api.spotify.com/v1/tracks/7k4t7uLgtOxPwTpFmtJNTY,https://api.spotify.com/v1/audio-analysis/7k4t7uLgtOxPwTpFmtJNTY,200960,4
79,0.872,0.786,1,-5.473,1,0.142,0.0348,0.0,0.0776,0.722,95.986,audio_features,1kQqiC1rS1FiuVpeBKN0QN,spotify:track:1kQqiC1rS1FiuVpeBKN0QN,https://api.spotify.com/v1/tracks/1kQqiC1rS1FiuVpeBKN0QN,https://api.spotify.com/v1/audio-analysis/1kQqiC1rS1FiuVpeBKN0QN,172680,4
80,0.865,0.658,1,-3.035,0,0.08,0.216,4.72e-06,0.0325,0.713,90.015,audio_features,49QwoSLuV69Fd8bwTqdZvs,spotify:track:49QwoSLuV69Fd8bwTqdZvs,https://api.spotify.com/v1/tracks/49QwoSLuV69Fd8bwTqdZvs,https://api.spotify.com/v1/audio-analysis/49QwoSLuV69Fd8bwTqdZvs,232526,4
81,0.673,0.772,1,-3.937,1,0.127,0.224,0.0,0.0957,0.287,100.213,audio_features,3VvyD7SxO6SO3IuCODFAfW,spotify:track:3VvyD7SxO6SO3IuCODFAfW,https://api.spotify.com/v1/tracks/3VvyD7SxO6SO3IuCODFAfW,https://api.spotify.com/v1/audio-analysis/3VvyD7SxO6SO3IuCODFAfW,255450,4
82,0.745,0.994,2,-2.194,0,0.0497,0.0909,0.0546,0.0684,0.972,122.049,audio_features,33a2zTGZocgU9XVDDILHM3,spotify:track:33a2zTGZocgU9XVDDILHM3,https://api.spotify.com/v1/tracks/33a2zTGZocgU9XVDDILHM3,https://api.spotify.com/v1/audio-analysis/33a2zTGZocgU9XVDDILHM3,202827,4
83,0.823,0.622,11,-5.706,1,0.0491,0.0105,2.69e-06,0.0453,0.602,100.022,audio_features,0iQmZXv7e8EHcmJmHpZX3o,spotify:track:0iQmZXv7e8EHcmJmHpZX3o,https://api.spotify.com/v1/tracks/0iQmZXv7e8EHcmJmHpZX3o,https://api.spotify.com/v1/audio-analysis/0iQmZXv7e8EHcmJmHpZX3o,204853,4
84,0.801,0.745,6,-3.733,0,0.063,0.398,0.00603,0.153,0.245,104.965,audio_features,3JHpk0DOTOzyh0777JFAky,spotify:track:3JHpk0DOTOzyh0777JFAky,https://api.spotify.com/v1/tracks/3JHpk0DOTOzyh0777JFAky,https://api.spotify.com/v1/audio-analysis/3JHpk0DOTOzyh0777JFAky,214013,4
85,0.782,0.644,10,-3.929,1,0.0809,0.585,0.0,0.108,0.695,93.013,audio_features,203uubEQA07to1kbro35qQ,spotify:track:203uubEQA07to1kbro35qQ,https://api.spotify.com/v1/tracks/203uubEQA07to1kbro35qQ,https://api.spotify.com/v1/audio-analysis/203uubEQA07to1kbro35qQ,281658,4
86,0.827,0.788,7,-11.937,0,0.0831,0.246,0.0,0.0764,0.815,109.933,audio_features,0tIpUUbOYIWqvI50Ksf7D5,spotify:track:0tIpUUbOYIWqvI50Ksf7D5,https://api.spotify.com/v1/tracks/0tIpUUbOYIWqvI50Ksf7D5,https://api.spotify.com/v1/audio-analysis/0tIpUUbOYIWqvI50Ksf7D5,170005,4
87,0.594,0.808,7,-2.409,1,0.0489,0.415,1.39e-05,0.565,0.919,188.09,audio_features,4VgYtXCVJ7IbWAZ5ryfvEQ,spotify:track:4VgYtXCVJ7IbWAZ5ryfvEQ,https://api.spotify.com/v1/tracks/4VgYtXCVJ7IbWAZ5ryfvEQ,https://api.spotify.com/v1/audio-analysis/4VgYtXCVJ7IbWAZ5ryfvEQ,194892,4
88,0.87,0.472,4,-7.596,0,0.0456,0.501,0.0,0.278,0.698,106.051,audio_features,4r2IrqOOdh3dPUKyvRHaSE,spotify:track:4r2IrqOOdh3dPUKyvRHaSE,https://api.spotify.com/v1/tracks/4r2IrqOOdh3dPUKyvRHaSE,https://api.spotify.com/v1/audio-analysis/4r2IrqOOdh3dPUKyvRHaSE,270533,4
89,0.775,0.696,1,-5.184,0,0.0681,0.0559,0.00184,0.157,0.775,92.007,audio_features,5Xhqh4lwJPtMUTsdBztN1a,spotify:track:5Xhqh4lwJPtMUTsdBztN1a,https://api.spotify.com/v1/tracks/5Xhqh4lwJPtMUTsdBztN1a,https://api.spotify.com/v1/audio-analysis/5Xhqh4lwJPtMUTsdBztN1a,190570,4
90,0.628,0.69,8,-5.83,1,0.0511,0.443,0.0,0.113,0.66,179.908,audio_features,7qCAVkHWZkF44OzOUKf8Cr,spotify:track:7qCAVkHWZkF44OzOUKf8Cr,https://api.spotify.com/v1/tracks/7qCAVkHWZkF44OzOUKf8Cr,https://api.spotify.com/v1/audio-analysis/7qCAVkHWZkF44OzOUKf8Cr,205907,4
91,0.775,0.633,10,-3.332,0,0.133,0.201,0.0,0.219,0.394,140.008,audio_features,70zg99pT51vB4wlMS7e4q7,spotify:track:70zg99pT51vB4wlMS7e4q7,https://api.spotify.com/v1/tracks/70zg99pT51vB4wlMS7e4q7,https://api.spotify.com/v1/audio-analysis/70zg99pT51vB4wlMS7e4q7,250333,4
92,0.826,0.816,1,-4.608,0,0.0683,0.0201,0.000939,0.127,0.598,96.042,audio_features,0dDboLfmRNsTBscy4j3Rnl,spotify:track:0dDboLfmRNsTBscy4j3Rnl,https://api.spotify.com/v1/tracks/0dDboLfmRNsTBscy4j3Rnl,https://api.spotify.com/v1/audio-analysis/0dDboLfmRNsTBscy4j3Rnl,188480,4
93,0.82,0.731,9,-6.02,1,0.159,0.0133,1.94e-05,0.131,0.793,127.076,audio_features,5RzFJd6W40SDTyZkX6xx45,spotify:track:5RzFJd6W40SDTyZkX6xx45,https://api.spotify.com/v1/tracks/5RzFJd6W40SDTyZkX6xx45,https://api.spotify.com/v1/audio-analysis/5RzFJd6W40SDTyZkX6xx45,237120,4
94,0.729,0.726,5,-3.208,1,0.0422,0.223,0.0,0.101,0.876,92.025,audio_features,37zdqI4r1gswIzczSBkRon,spotify:track:37zdqI4r1gswIzczSBkRon,https://api.spotify.com/v1/tracks/37zdqI4r1gswIzczSBkRon,https://api.spotify.com/v1/audio-analysis/37zdqI4r1gswIzczSBkRon,217130,4
95,0.658,0.901,7,-2.814,1,0.0357,0.0478,0.0,0.12,0.708,93.979,audio_features,6RyaV7owmVU6fzEPE17sF1,spotify:track:6RyaV7owmVU6fzEPE17sF1,https://api.spotify.com/v1/tracks/6RyaV7owmVU6fzEPE17sF1,https://api.spotify.com/v1/audio-analysis/6RyaV7owmVU6fzEPE17sF1,210520,4
96,0.809,0.883,8,-2.965,1,0.0689,0.238,0.00234,0.0625,0.918,124.096,audio_features,1YwPNemawMgGe6sF4U0FTE,spotify:track:1YwPNemawMgGe6sF4U0FTE,https://api.spotify.com/v1/tracks/1YwPNemawMgGe6sF4U0FTE,https://api.spotify.com/v1/audio-analysis/1YwPNemawMgGe6sF4U0FTE,266307,4
97,0.782,0.706,7,-4.337,0,0.19,0.0941,0.000208,0.115,0.855,173.899,audio_features,2btKz4s1XrMn5VHe7xZJpi,spotify:track:2btKz4s1XrMn5VHe7xZJpi,https://api.spotify.com/v1/tracks/2btKz4s1XrMn5VHe7xZJpi,https://api.spotify.com/v1/audio-analysis/2btKz4s1XrMn5VHe7xZJpi,212907,4
98,0.691,0.765,8,-4.727,1,0.111,0.464,3.29e-06,0.203,0.855,174.021,audio_features,06s3QtMJVXw1AJX3UfvZG1,spotify:track:06s3QtMJVXw1AJX3UfvZG1,https://api.spotify.com/v1/tracks/06s3QtMJVXw1AJX3UfvZG1,https://api.spotify.com/v1/audio-analysis/06s3QtMJVXw1AJX3UfvZG1,246000,4
99,0.776,0.509,0,-6.266,0,0.467,0.192,1.49e-06,0.115,0.485,94.634,audio_features,4w47S36wQGBhGg073q3nt7,spotify:track:4w47S36wQGBhGg073q3nt7,https://api.spotify.com/v1/tracks/4w47S36wQGBhGg073q3nt7,https://api.spotify.com/v1/audio-analysis/4w47S36wQGBhGg073q3nt7,129371,4
